,title,link,content,pubDate,image_url
0,Tausende demonstrieren in Portugal gegen hohe Mieten,https://www.spiegel.de/ausland/portugal-in-der-wohnungskrise-tausende-demonstrieren-gegen-hohe-mieten-a-ac328c40-8a24-413c-91c9-a0fd36048951,"In Lissabon und anderen Städten Portugals haben am Samstag Tausende Menschen für ein Recht auf Wohnen demonstriert. Sie forderten unter anderem bezahlbare Wohnungen und mehr sozialen Wohnungsbau. »Wohnen: Ein Recht für alle« oder »Ein Recht oder ein Privileg?« stand auf den Transparenten der Demonstrierenden. Sie forderten ein in der Verfassung verankertes Recht auf eine Wohnung für jeden, wie einer der Verbände erklärte, der zu den Demonstrationen aufgerufen hatte. »Ich lebe in ständiger Angst, dass mein Vermieter mir eine brutale Mieterhöhung ankündigt«, sagte Ana Reis da Silva, eine 32-jährige Anwältin, die erzählte, dass sie seit rund zehn Jahren in der portugiesischen Hauptstadt lebe. »Die Mieten müssen bezahlbar bleiben«, forderte der 72-jährige Rentner Martinho Faias Parreira. Er wohne in einer Sozialwohnung in Lissabon, deren Miete in den vergangenen Jahren stark gestiegen sei. Der 35-jährige Illustrator Diogo Guerra sagte, er höre jeden Tag von Leuten, die von der Krise betroffen seien: »Menschen, die arbeiten und obdachlos sind, oder die ausziehen müssen, weil ihre Wohnung zu einer Unterkunft für Touristen gemacht wird.« Lissabon ist ein beliebter Wohnort für sogenannte digitale Nomaden, also Menschen, die von überall aus arbeiten können. 2022 stand die Stadt auf Platz eins der »Nomad List«, eines Rankings der besten Städte für digitale Nomaden weltweit. Vergangene Woche hatte die portugiesische linke Regierung eine umstrittene Zwangsvermietung leer stehender Immobilien beschlossen. Diese soll helfen, die Wohnungsnot zu bekämpfen. Die Zwangsvermietung werde möglich sein, wenn eine Wohnung länger als zwei Jahre unbewohnt bleibe, teilte die Regierung von Ministerpräsident António Costa mit. Nach amtlichen Schätzungen gibt es in dem Land mit gut 10,3 Millionen Einwohnern über 700.000 leer stehende Wohnimmobilien. Die Maßnahme sei Teil des im Februar angekündigten und nun vom Ministerrat gebilligten Programms »Mais Habitaçao«, Mehr Wohnraum. Eine weitere Maßnahme der Regierung ist ein Stopp der Vergabe sogenannter goldener Visa, die reichen Investoren ein Aufenthaltsrecht gewähren. Damit soll die Immobilienspekulation eingedämmt werden. Nach Angaben der europäischen Statistikbehörde Eurostat nahmen die Kaufpreise für Immobilien in Portugal zwischen 2010 und 2022 um mehr als 75 Prozent zu, während die Mieten um fast 25 Prozent stiegen. Mehr als die Hälfte der Arbeitnehmer im Land verdienten offiziellen Daten zufolge im vergangenen Jahr weniger als 1000 Euro im Monat, der Mindestlohn beträgt 760 Euro. Portugal gehört zu den ärmsten Ländern Westeuropas. Gleichzeitig beträgt die durchschnittliche Miete in Lissabon 1350 Euro monatlich, wie eine Untersuchung der Wohnungsportals Imovirtual zeigte.",2023-04-02 12:18:26,https://cdn.prod.www.spiegel.de/images/50fb7a62-4708-47d1-a775-8b3c0bf375b0_w948_r1.778_fpx57_fpy37.jpg
1,Britischer Geheimdienst sieht Alkohol als Mitursache für russische Verluste,https://www.spiegel.de/ausland/ukraine-grossbritannien-macht-alkohol-fuer-russische-verluste-mitverantwortlich-a-ee1b1f4c-2479-41c9-bbb1-03c6e8feeb19,"Die britische Regierung hält den Konsum von Alkohol für einen der Gründe hinter der hohen Opferzahl der russischen Streitkräfte in der Ukraine . Während Russland seit Beginn des Angriffskriegs vor gut einem Jahr durch Verletzungen oder Tod bis zu 200.000 Streitkräfte verloren habe, sei eine große Zahl davon auf andere Ursachen als die eigentlichen Kampfhandlungen zurückzuführen, teilte das britische Verteidigungsministerium unter Berufung auf Erkenntnisse des Geheimdienstes mit. »Russische Kommandeure betrachten den verbreiteten Alkoholmissbrauch wohl als besonders abträglich für die Effektivität der Kampfhandlungen.« Anfang der Woche habe ein russischer Telegram-Nachrichtenkanal davon berichtet, dass es eine »extrem hohe« Anzahl an Vorfällen, Straftaten und Todesfällen im Zusammenhang mit Alkoholkonsum unter den Streitkräften gebe, hieß es weiter. Starkes Trinken sei in der russischen Gesellschaft weitverbreitet und als ein stillschweigend akzeptierter Teil des militärischen Lebens akzeptiert worden, auch bei Kampfeinsätzen. Zu den weiteren Hauptursachen für nicht kampfbedingte Verluste zählten vermutlich auch eine schlechte Ausbildung an den Waffen, Verkehrsunfälle und auf die klimatischen Bedingungen zurückzuführende Schädigungen wie Unterkühlung. Seit dem Beginn des russischen Angriffskriegs gegen die Ukraine veröffentlicht das britische Verteidigungsministerium täglich Updates zum Kriegsverlauf. Unter Berufung auf Geheimdienstinformationen will die britische Regierung damit sowohl der russischen Darstellung entgegentreten als auch Verbündete bei der Stange halten. Moskau wirft London eine gezielte Desinformationskampagne vor.",2023-04-02 11:56:27,https://cdn.prod.www.spiegel.de/images/b31acd69-b757-4319-aa77-25f5685916ef_w948_r1.778_fpx58.65_fpy49.99.jpg
2,Wie Wladimir Putin sich das Kriegsende vorstellt,https://www.spiegel.de/ausland/ukraine-krieg-wie-wladimir-putin-sich-das-kriegsende-vorstellt-kolumne-a-99d4fc19-c6eb-4cfe-a90a-a8ebbe0ce4a5,"Anmelden Sagen, was ist. Testen Sie das digitale Angebot und erfahren Sie, warum mehr als 400.000 Menschen den SPIEGEL abonnieren. Freier Zugang zu allen Artikeln, Videos, Audioinhalten und Podcasts Alle Artikel auf SPIEGEL.de frei zugänglich DER SPIEGEL als E-Paper und in der App DER SPIEGEL zum Anhören und der werktägliche Podcast SPIEGEL Daily Nur € 19,99 pro Monat, jederzeit kündbar Sie haben bereits ein Digital-Abonnement? SPIEGEL+ wird über Ihren iTunes-Account abgewickelt und mit Kaufbestätigung bezahlt. 24 Stunden vor Ablauf verlängert sich das Abo automatisch umeinen Monat zum Preis von zurzeit 19,99€. In den Einstellungen Ihres iTunes-Accounts können Sie das Abo jederzeit kündigen. Um SPIEGEL+ außerhalbdieser App zu nutzen, müssen Sie das Abo direkt nach dem Kauf mit einem SPIEGEL-ID-Konto verknüpfen. Mit dem Kauf akzeptieren Sie unsere Allgemeinen Geschäftsbedingungen und Datenschutzerklärung .",2023-04-02 11:40:32,"data:image/svg+xml,%3Csvg xmlns='http://www.w3.org/2000/svg' viewBox='0 0 96 96' width='96' height='96' %3E%3C/svg%3E"
3,Es wird eng für Sanna Marin,https://www.spiegel.de/ausland/finnland-wahl-es-wird-eng-fuer-sanna-marin-a-f7856dec-cde8-4bc2-9f13-92b5973ac435,"Helsinki, Finnland Sanna Marin muss um ihr Amt als Premierministerin bangen – denn die Umfragewerte sehen bei den Parlamentswahlen in Finnland am Sonntag ein Kopf-an-Kopf-Rennen voraus. Beim Wahlkampf-Endspurt setzte sie vor allem auf traditionelle sozialdemokratische Themen: Marin hat persönlich immer noch eine sehr loyale Anhängerschaft. Ihre »Fanbase« hat ihr diese Aufnahmen auch nie übelgenommen: Das im vergangenen August geleakte »Partyvideo« sorgte zwar für viel mediales Aufsehen, und die Premierministerin musste eine Menge kritischer Fragen über sich ergehen lassen – aber für viele Anhänger, sogar weltweit, haben die Tanzmoves und Marins Präsenz in den Sozialen Medien ihr Image als »coolstes Staatsoberhaupt« nur bekräftigt. Dennoch hat es dieser Mann geschafft, seine Partei Kokoomus, die Nationale Sammlungspartei, in den Umfragewerten in eine knappe Führungsposition zu bringen. Dabei gilt Petteri Orpo als eine eher blasse Figur. Seine Botschaft an die mit einer Rezession konfrontierten Wähler ist entsprechend knapp: Dann ist da noch Riikka Purra, die ebenfalls in den Umfragewerten gut dasteht. Sie hat zwar ihre Partei der Wahren Finnen etwas mehr in die politische Mitte gerückt, aber den Wahlkampf bestritt sie dennoch mit den für die Rechtspopulisten beliebten Themen: Ein Thema, bei dem es so gut wie keine Meinungsunterschiede zwischen der Mitte-Links-Koalition und der Opposition gibt, ist der Weg in die Nato. Nachdem zuletzt die Türkei dem Nato-Beitritt Finnlands zugestimmt haben, wird dieser Schritt nun demnächst folgen. Dann vielleicht unter einer anderen Führung. Der jetzige Verteidigungsminister zeigte sich mit diesem Video auf Twitter zumindest tiefenentspannt, was seinen Blick in die Zukunft angeht. Seine Nachfolge wird auch bei der sonntägigen Wahl entschieden. Und für Sanna Marin, die besonders im Ukraine-Krieg sehr deutlich Position bezog, heißt es: Für den Fall einer Wahlniederlage könnte demnächst die Kandidatur für ein EU-Spitzenamt in Brüssel anstehen.",2023-04-02 10:27:51,"data:image/svg+xml,%3Csvg xmlns='http://www.w3.org/2000/svg' viewBox='0 0 180 101' width='180' height='101' %3E%3C/svg%3E"
4,Taliban halten Briten fest,https://www.spiegel.de/ausland/afghanistan-taliban-halten-briten-fest-a-33243f65-2689-49d4-b847-f0a6a286e96c,"In Afghanistan werden einer Hilfsorganisation zufolge drei britische Staatsbürger von den regierenden radikalislamischen Taliban festgehalten. Die Organisation Presidium Network schrieb im Kurzbotschaftendienst Twitter, sie arbeite eng mit den Familien von zwei der Festgehaltenen zusammen. Das britische Außenministerium teilte mit, es arbeite daran, »konsularischen Kontakt zu den in Afghanistan festgehaltenen britischen Staatsangehörigen herzustellen«. Zwei der Festgehaltenen sind mutmaßlich bereits seit Januar in der Gewalt der Taliban, die Dauer der Festnahme des Dritten war zunächst unklar. Medienberichten zufolge handelt es sich bei den Männern um einen für eine Hilfsorganisation tätigen Mediziner und den Manager einer Unterkunft für Entwicklungshelfer in Kabul. Der dritte Mann soll ein auf der Video-Plattform Youtube bekannter Reisender sein. Er wurde als »Gefahrentourist« mit den Reisen in Krisengebiete bekannt und sorgte für Kontroversen. Das britische Außenministerium bestätigte die Einzelheiten zu den britischen Staatsangehörigen nicht. Presidium Network forderte die Taliban auf Twitter auf, die Männer freizulassen. Ihre Festnahme beruhe vermutlich auf einem Missverständnis. Scott Richards von Presidium Network sagte dem Fernsehsender Sky News, den Erkenntnissen seiner Organisation nach seien die Männer »in guter Verfassung« und würden gut behandelt, es gebe keine Hinweise auf Folter oder andere Misshandlungen.",2023-04-02 09:09:42,https://cdn.prod.www.spiegel.de/images/98ee4240-1b63-47cd-889c-dc5de1c5075c_w948_r1.778_fpx68.65_fpy54.97.jpg
5,Parlamentswahl in Finnland hat begonnen,https://www.spiegel.de/ausland/finnland-parlamentswahl-hat-begonnen-a-b1f51706-abf2-474c-8ba1-31a633f6c192,"Im Bald- Nato -Land Finnland hat am Sonntagmorgen die Parlamentswahl mit völlig offenem Ausgang begonnen. In Umfragen lagen vorab drei Parteien nahezu gleichauf: Die konservative Nationale Sammlungspartei des früheren Finanzministers Petteri Orpo ging als leichte Favoritin in den Wahlsonntag. Umfragen sahen sie zuletzt nur minimal vor der rechtspopulistischen Partei Die Finnen und den Sozialdemokraten von Ministerpräsidentin Sanna Marin . Noch bis 20.00 Uhr (Ortszeit) sind die Wahllokale im nördlichsten Land der EU geöffnet. Unmittelbar danach dürfte ein erster Trend basierend auf vorzeitig abgegebenen Stimmen veröffentlicht werden. Ein vorläufiges Endergebnis könnte gegen Mitternacht in der Nacht zum Montag feststehen. Die 37 Jahre alte Marin ist seit Ende 2019 finnische Regierungschefin. Sie führt eine aus fünf Parteien bestehende Mitte-links-Koalition an. Bei ihrem Amtsantritt war sie die jüngste Regierungschefin der Welt . Schon damals gingen die Sozialdemokraten nur äußerst knapp als stärkste Kraft aus den Parlamentswahlen hervor. Wer am Ende stärkste Kraft wird, war vor dem Wahlsonntag völlig offen: Orpos Konservative kamen in der letzten Vor-Wahl-Umfrage des finnischen Rundfunksenders Yle auf 19,8 Prozent der Stimmen, die Finnen-Partei um ihre Vorsitzende Riikka Purra auf 19,5 Prozent und Marins Sozialdemokraten auf 18,7 Prozent. Der Chef oder die Chefin der Partei mit den meisten Stimmen erhält in Finnland traditionell als Erstes die Chance, eine neue Regierung zu bilden. Es wird jedoch mit langen und zähen Koalitionsverhandlungen gerechnet, da mehrere Parteien eine Zusammenarbeit mit den Rechtspopulisten ausgeschlossen haben. Für eine Mehrheit dürfte der Wahlsieger auf eine weitere der großen Parteien sowie mindestens eine der mittelgroßen und kleineren Parteien angewiesen sein.",2023-04-02 08:54:03,https://cdn.prod.www.spiegel.de/images/42e756d2-65e3-437c-97b1-80ddcb3579f4_w948_r1.778_fpx49_fpy27.jpg
6,"Selenskyj fordert Reform des Uno-Sicherheitsrats, Botschafter nennt Friedensappell zynisch",https://www.spiegel.de/ausland/ukraine-russland-news-wolodymyr-selenskyj-will-reform-des-uno-sicherheitsrats-oleksii-makeiev-nennt-friedensappell-zynisch-a-acdaa384-805c-4af9-a43e-5e161861eff5,"Die turnusmäßige Übernahme des Vorsitzes im Uno -Sicherheitsrat durch Russland ist auf scharfe Kritik in Kiew gestoßen. Der ukrainische Präsident Wolodymyr Selenskyj sprach angesichts des russischen Angriffskriegs gegen sein Land von einer »absurden und destruktiven« Konstellation und forderte eine Reform des höchsten Gremiums der Vereinten Nationen. Schon in der Vergangenheit hatte Kiew angezweifelt, dass Russland den ständigen Sitz im Sicherheitsrat als Nachfolger der Sowjetunion rechtmäßig übernommen hat. Neben Russland sind auch die USA , Großbritannien, Frankreich und China ständige Ratsmitglieder mit Vetorecht. Erst am Vortag sei ein fünf Monate altes Baby durch russischen Artilleriebeschuss getötet worden, nun übernehme der Aggressor den Vorsitz im Uno-Sicherheitsrat, kritisierte Selenskyj am Samstag in seiner abendlichen Videoansprache: »Es ist kaum etwas vorstellbar, was den vollständigen Bankrott solcher Institutionen besser demonstriert.« Der Vorsitz im Sicherheitsrat rotiert monatlich in alphabetischer Reihenfolge zwischen den Mitgliedstaaten, wobei neben den fünf ständigen auch die zehn nicht ständigen Mitglieder an die Reihe kommen. Zuletzt hatte Russland den Vorsitz im Februar 2022 inne – als es die benachbarte Ukraine überfiel. Um die russischen Angreifer besser zurückschlagen zu können, hat die Ukraine in Polen offenbar 100 neue Radschützenpanzer des Typs KTO Rosomak bestellt. Das sagte der polnische Ministerpräsident Mateusz Morawiecki nach Angaben der Nachrichtenagentur PAP am Samstag bei einem Besuch der Herstellerfirma Rosomak im oberschlesischen Siemianowice Śląskie. Die Bestellung habe er vom ukrainischen Ministerpräsidenten Denys Schmyhal persönlich erhalten, so der liberalkonservative Politiker. Der Auftrag werde mit EU-Geld für Polen und Unterstützungszahlungen der USA an die Ukraine finanziert, hieß es. Aber auch die Gegenseite rüstet weiter auf. Nach eigenen Angaben hat Russland seine Munitionsproduktion um ein Vielfaches gesteigert. »Das betrifft sowohl gewöhnliche als auch Hochpräzisionsmunition«, sagte Verteidigungsminister Sergej Schoigu am Samstag bei einer Sitzung des Generalstabs. Zudem werde weiter an der Steigerung der Produktion gearbeitet. Mit Munitionsmangel haben mehr als ein Jahr nach Kriegsbeginn sowohl die Ukraine als auch Russland zu kämpfen. Auch der Westen, von dessen Lieferungen die ukrainische Landesverteidigung abhängig ist, versucht, seine Produktion auszuweiten. Kremlchef Wladimir Putin hat bereits vor Monaten die einheimische Rüstungsindustrie dazu aufgefordert, mehr Waffen und Munition herzustellen. Die Betriebe arbeiten im Mehrschichtsystem, um den Anforderungen des Militärs nachzukommen. Lesen Sie hier mehr dazu: Der große Munitionsmangel Der ukrainische Botschafter Oleksij Makejew hat den Aufruf ehemaliger hochrangiger SPD -Politiker und Gewerkschafter zu Friedensverhandlungen zwischen Russland und der Ukraine scharf kritisiert. »Dieser Friedensappell ist kein Aprilscherz. Das ist ein purer Zynismus gegenüber den zahlreichen Opfern der russischen Aggression«, sagte Makejew der Deutschen Presse-Agentur dpa. Er habe nur eins zum Ziel: »Die Verbrechen Russlands und dementsprechend die Verantwortung des russischen Regimes zu verschleiern.« Angesichts des brutalen russischen Angriffskriegs gegen die Ukraine laute der einzig mögliche Friedensappell: »Herr Putin, ziehen Sie sofort Ihre Truppen aus dem kompletten ukrainischen Territorium ab!« Der Appell mit dem Titel »Frieden schaffen!« wurde von dem Historiker Peter Brandt, einem Sohn des ehemaligen Kanzlers Willy Brandt , zusammen mit Reiner Hoffmann , dem früheren Chef des Deutschen Gewerkschaftsbunds ( DGB ), und dem Ex-SPD-Bundestagsabgeordneten Michael Müller initiiert. Darin wird Bundeskanzler Olaf Scholz (SPD) aufgerufen, zusammen mit Frankreich die Länder Brasilien, China, Indien und Indonesien für eine Vermittlung zu gewinnen: »Das wäre ein notwendiger Schritt, um das Töten zu beenden und Friedensmöglichkeiten auszuloten. Nur dann kann der Weg zu einer gemeinsamen Sicherheitsordnung in Europa geebnet werden.« Zu den Unterzeichnern zählen Ex-EU-Kommissar Günter Verheugen , der ehemalige Bundestagspräsident Wolfgang Thierse und die frühere hessische SPD-Vorsitzende Andrea Ypsilanti . Die Ukraine erließ derweil weitere Sanktionen gegen Personen und Unternehmen aus Russland sowie gegen eine Firma auf von Russen besetztem ukrainischem Gebiet. Am Samstag veröffentlichte Präsident Selenskyj per Dekret gleich mehrere schwarze Listen mit Hunderten Firmen, Organisationen und Einzelpersonen, die den russischen Angriffskrieg unterstützt haben sollen. Die Sanktionen gelten in den meisten Fällen für den Zeitraum von zehn Jahren. Betroffen sind vor allem Direktoren von Rüstungsbetrieben und militärischen Forschungseinrichtungen. Auch bei den Firmen trifft es vor allem diesen Sektor. Sanktionen wurden aber auch gegen das russische Finanzministerium und den Föderationsrat verhängt – das Oberhaus des russischen Parlaments. Zu den prominentesten Namen auf der Liste gehören die Ehefrau und der Sohn von Russlands Ex-Präsident Dmitrij Medwedew, Swetlana und Ilja.",2023-04-02 10:26:09,https://cdn.prod.www.spiegel.de/images/91cd58fd-b66d-4c7c-be18-241e7645c40d_w948_r1.778_fpx43_fpy49.jpg
7,"»Wer das Klima schützen will, sollte eher Parmesan als andere Käsesorten essen«",https://www.spiegel.de/ausland/luftverschmutzung-in-italien-wer-das-klima-schuetzen-will-sollte-eher-parmesan-essen-a-77c2fd4c-7702-409e-ba87-930f94a17436,"In Reportagen, Analysen, Fotos, Videos und Podcasts berichten wir weltweit über soziale Ungerechtigkeiten, gesellschaftliche Entwicklungen und vielversprechende Ansätze für die Lösung globaler Probleme. Herr Di Simine, Mailand hat laut der Plattform IQ Air in diesem Jahr bereits an fast 30 Tagen die EU-Grenzwerte für Feinstaub überschritten. Erlaubt sind 35 Überschreitungen jährlich. Der Seite zufolge ist Mailand damit die schmutzigste Metropole in Europa . Versinkt Ihre Stadt im Smog? Es sieht derzeit wirklich nicht gut aus. Aber die Situation ist in kleineren Städten der Lombardei wie Cremona oder Mantua oft noch viel schlimmer. Dort misst IQ Air nicht. Die Luftqualität ist seit Jahren ein Problem der ganzen Po-Ebene. Aktuell gibt es gleich mehrere Gründe, weshalb es so schlimm ist. , Jahrgang 1967, ist promovierter Lebensmittelbiologe. Er war langjähriger Vorsitzender von »Legambiente« in der Lombardei, der Verband ist die größte Umweltschutzorganisation Italiens. Heute ist Di Simine dort Experte für Bodenpolitik und Leiter des wissenschaftlichen Ausschusses. Er gilt als einer der bekanntesten Vertreter der Organisation. Welche sind das? Zum einen hat der Verkehr seit Ende der Pandemie wieder deutlich zugenommen. Das sorgt für einen großen Teil der Stickstoffdioxidbelastung. Italien ist ohnehin ein Land mit einer hohen Autodichte. Auch die Industriebetriebe laufen wieder auf Hochtouren, hier bei uns in Norditalien liegt das wirtschaftliche Zentrum des Landes. Andererseits bekommen wir seit zwei Jahren auch die Auswirkungen der Trockenheit zu spüren. Wie meinen Sie das? Der Regen würde normalerweise viele Partikel aus der Luft filtern und zu Boden bringen. Aber er fehlt uns. Wir erleben bereits das zweite Jahr mit extremer Trockenheit. Dazu kommt eine Besonderheit, die wir jeden Winter erleben, die sogenannte thermische Inversion. Das heißt: Die unteren Luftschichten am Boden sind kälter als die oberen, die Luft zirkuliert nicht mehr. Dadurch bleiben Abgase, Smog und Schadstoffe noch länger am Boden, die Luft wird schmutziger. Spielt die geografische Nähe zu den Alpen auch eine Rolle? Ja, die Berge wirken oft wie eine Mauer. Hier im Norden Italiens sitzen viele Autokonzerne, es leben hier sehr viele Menschen, die täglich mit dem Auto pendeln, es gibt aber auch viel Landwirtschaft. Das alles gibt es einzeln auch an anderen Orten in Europa. Auch in Deutschland werden Autos gebaut, auch in den Niederlanden oder Frankreich gibt es viele Kühe. Aber kaum eine europäische Region hat das alles zusammen und noch dazu so nah an einem Gebirge. Wir müssen uns dem stellen. In Zeiten des Klimawandels können wir nicht mehr lange so weitermachen. Italienischer Klimastreik von Fridays for Future in Rom: »Wir können nicht mehr lange so weitermachen« Ist den politisch Verantwortlichen diese Lage bewusst? Ich bin Umweltschützer. Es wird viel zu wenig getan, das ist meine feste Überzeugung. Aber ich muss anerkennen, dass es in und um Mailand Fortschritte gibt. Das Tempo für den Verkehr wurde in der Innenstadt vielerorts reduziert. In der Pandemie wurden neue Radwege angelegt. Es gibt bereits eine Citymaut, allerdings nur für einen kleinen Bereich. Auch temporäre Fahrverbote und Geschwindigkeitsbegrenzungen auf 30 km/h in einigen Bereichen haben geholfen, aber sie gelten noch nicht konsequent genug. Jedes Jahr sterben allein in Mailand etwa 1500 Menschen durch schmutzige Luft. Noch mehr werden krank. Viele wissen das. Aber was unternommen wird, reicht nicht im Ansatz aus. Vor allem die Landwirtschaft wird noch völlig verschont. Wie könnte man es besser machen? Der Umgang mit Lebensmitteln ist in Italien zu einer Obsession geworden. Wir sind zu Recht stolz auf unser Essen. Aber wir sollten dafür nicht unsere Umwelt zerstören. Vieles, was in der Lombardei hergestellt wird, ist Massenware für den Export. Wissen Sie, was Gran Padano und Parmesan mit der Luftverschmutzung in Norditalien zu tun haben? Klimasünder Käse: »Massenware für den Export« Erzählen Sie es mir. Beide Käsesorten benötigen viel Milch, für die es wiederum viele Tiere braucht. Solange es Massenprodukte sind, müssen die Molkereien und Bauern viel davon produzieren, um davon leben zu können. Sie überdüngen den Boden, um Futtermittel anzubauen, ihr Vieh sorgt für massenweise Ammoniak, das eine Vorstufe von Feinstaub ist. Alles nur, damit Sie in Deutschland am Ende möglichst günstig und gedankenlos einkaufen können. Sollten wir jetzt keinen italienischen Käse mehr essen, um das Klima zu schützen? Sie müssen nicht auf Parmesan verzichten, um die Luft in Mailand zu verbessern, aber weniger davon wäre tatsächlich hilfreich. Ich wünsche mir eine Viehhaltung, die sich am Weinanbau orientiert. Vor 30 Jahren haben wir auch hier möglichst billig für die Masse produziert. Heute ist italienischer Wein wieder ein geschätztes Lebensmittel. Die Winzer produzieren heute weniger, aber sie verdienen sogar mehr als früher. Dennoch kann sich jeder weiterhin ein Glas Pinot Grigio leisten. Nur nicht mehr so gedankenlos. So sollte es auch mit unserem Käse sein. Die Regeln für Parmesan sind streng. Denn die Kühe, deren Milch dafür verwendet wird, dürfen nur mit Heu und Gras gefüttert werden. Bei anderen Käsesorten wird dagegen oft Soja verwendet, das billig aus Südamerika importiert wird und in mehrerlei Hinsicht eine schlechtere Umweltbilanz hat. Wer das Klima und die Luft schützen will, sollte also vielleicht eher Parmesan essen. Verkehrschaos in der Autostadt Turin: »Auf einmal wieder das Symbol für Freiheit« Wir wollten eigentlich über die Luftverschmutzung in Mailand sprechen. Wie erleben Sie dort die Situation? Uns droht ein großer Rückschritt. Viele Menschen wollen sich nicht weiter einschränken. Sie leiden unter den vielen Krisen unserer Zeit, aufgrund der Gentrifizierung können sich viele das Leben in Mailand heute nicht mehr leisten. Die Kluft zwischen dem Zentrum und den Vororten wird größer. Manche Politikerinnen und Politiker nutzen das aus und kämpfen plötzlich symbolisch für das Auto. Es ist auf einmal wieder das Symbol für Freiheit. Dabei sind wir noch weit vom Ziel entfernt. Eigentlich sollte man in Mailand möglichst viele Parkplätze abschaffen. Heute kann man wirklich überall in der Stadt parken. Solange das so ist, kommen die Leute natürlich jeden Tag angefahren. Auch die Radwege nützen dann nicht viel. Viele sind ohnehin nicht zusammenhängend. Haben Sie für dieses Problem auch eine griffige Lösung parat? Tja. Ein konsequentes Tempolimit auf 30 km/h wäre gut, darüber wird gerade diskutiert. Und mehr Züge und S-Bahnen. Das Leben soll ja besser und gesünder werden, schwierig genug ist es schon jetzt. Unter dem Titel »Globale Gesellschaft« berichten Reporterinnen und Reporter aus – über Ungerechtigkeiten in einer globalisierten Welt, gesellschaftspolitische Herausforderungen und nachhaltige Entwicklung. Die Reportagen, Analysen, Fotostrecken, Videos und Podcasts erscheinen in einer eigenen Sektion im Auslandsressort des SPIEGEL. Das Projekt ist langfristig angelegt und wird von der Bill & Melinda Gates Foundation (BMGF) unterstützt. Ein ausführliches FAQ mit Fragen und Antworten zum Projekt finden Sie hier . Die Bill & Melinda Gates Foundation (BMGF) unterstützt das Projekt seit 2019 für zunächst drei Jahre mit einer Gesamtsumme von rund 2,3 Mio. Euro – rund 760.000 Euro pro Jahr. 2021 wurde das Projekt zu gleichen Konditionen um knapp dreieinhalb Jahre bis Frühjahr 2025 verlängert. Ja. Die redaktionellen Inhalte entstehen ohne Einfluss durch die Gates-Stiftung. Ja. Große europäische Medien wie »The Guardian« und »El País« haben mit »Global Development« beziehungsweise »Planeta Futuro« ähnliche Sektionen auf ihren Nachrichtenseiten mit Unterstützung der Gates-Stiftung aufgebaut. Der SPIEGEL hat in den vergangenen Jahren bereits zwei Projekte mit dem European Journalism Centre (EJC) und der Unterstützung der Bill & Melinda Gates Foundation umgesetzt: die » Expedition ÜberMorgen « über globale Nachhaltigkeitsziele sowie das journalistische Flüchtlingsprojekt » The New Arrivals «, in deren Rahmen mehrere preisgekrönte Multimedia-Reportagen zu den Themen Migration und Flucht entstanden sind. Die Stücke sind beim SPIEGEL zu finden auf der Themenseite Globale Gesellschaft .",2023-04-02 07:02:20,https://cdn.prod.www.spiegel.de/images/0839cb7f-57a7-4be0-804d-8bb30b9e5dff_w948_r1.778_fpx50_fpy63.jpg
8,Vorsteher des Kiewer Höhlenklosters für zwei Monate unter Hausarrest,https://www.spiegel.de/ausland/ukraine-vorsteher-des-kiewer-hoehlenklosters-fuer-zwei-monate-unter-hausarrest-a-9723a3fd-d719-480a-bf9f-9ec9a097069b,"Ein ukrainisches Gericht hat den Vorsteher des bekannten Kiewer Höhlenklosters, Pawlo, für zwei Monate unter Hausarrest gestellt. Der Geistliche der ukrainisch-orthodoxen Kirche stehe unter Verdacht, die religiösen Streitigkeiten befeuert und den russischen Angriffskrieg gegen die Ukraine gerechtfertigt zu haben, berichteten ukrainische Medien aus dem Gerichtssaal. Pawlo muss elektronische Fußfesseln tragen. Der Kontakt mit Gläubigen ist ihm untersagt. Der 61-Jährige bestreitet die Vorwürfe und spricht von einem politischen Verfahren. Hintergrund sind Streitigkeiten um die Nutzung des Höhlenklosters und die Stellung der ukrainisch-orthodoxen Kirche im Land allgemein. Bis Kriegsbeginn war die Kirche dem Moskauer Patriarchat unterstellt. Obwohl sie sich nach Beginn des Konflikts vom Patriarchat lossagte, wird sie von der politischen Führung in Kiew weiterhin der Spionage für Moskau verdächtigt. In Kiew wurde 2018 schon die von Moskau unabhängige orthodoxe Kirche der Ukraine gegründet. In dem Zusammenhang hat der Staat der ukrainisch-orthodoxen Kirche nun auch das Nutzungsrecht für das Höhlenkloster entzogen. Die dort lebenden Mönche weigern sich aber auszuziehen. Ein Gerichtsverfahren läuft. Gläubige protestieren vor dem Höhlenkloster Zumindest Metropolit Pawlo muss das Kloster nun verlassen. Am Morgen hatte die Polizei das Haus des Klostervorstehers auf der Anlage durchsucht. Den Hausarrest muss der Geistliche aber unter seiner Registrierungsadresse absitzen. Diese ist nicht im Kloster. Nach der Razzia protestierten Dutzende Gläubige vor dem Höhlenkloster. Die Versammelten, darunter auch Geistliche, trugen religiöse Symbole und beteten. Dem Protest der Gläubigen stellte sich eine kleine Gruppe von pro-ukrainischen Aktivisten entgegen. Sie schwenkten Fahnen in den Nationalfarben.",2023-04-01 22:49:47,https://cdn.prod.www.spiegel.de/images/d37a73a9-0001-0004-0000-000001369281_w948_r1.778_fpx51_fpy60.jpg
9,Warum Erdoğan um die Macht fürchten muss,https://www.spiegel.de/ausland/tuerkei-wahlen-warum-recep-tayyip-erdogan-um-die-macht-fuerchten-muss-a-b63a5df5-2edb-4367-89a4-c90db4284bb1,"Anmelden Sagen, was ist. Testen Sie das digitale Angebot und erfahren Sie, warum mehr als 400.000 Menschen den SPIEGEL abonnieren. Freier Zugang zu allen Artikeln, Videos, Audioinhalten und Podcasts Alle Artikel auf SPIEGEL.de frei zugänglich DER SPIEGEL als E-Paper und in der App DER SPIEGEL zum Anhören und der werktägliche Podcast SPIEGEL Daily Nur € 19,99 pro Monat, jederzeit kündbar Sie haben bereits ein Digital-Abonnement? SPIEGEL+ wird über Ihren iTunes-Account abgewickelt und mit Kaufbestätigung bezahlt. 24 Stunden vor Ablauf verlängert sich das Abo automatisch umeinen Monat zum Preis von zurzeit 19,99€. In den Einstellungen Ihres iTunes-Accounts können Sie das Abo jederzeit kündigen. Um SPIEGEL+ außerhalbdieser App zu nutzen, müssen Sie das Abo direkt nach dem Kauf mit einem SPIEGEL-ID-Konto verknüpfen. Mit dem Kauf akzeptieren Sie unsere Allgemeinen Geschäftsbedingungen und Datenschutzerklärung .",2023-04-01 18:47:43,https://cdn.prod.www.spiegel.de/images/656f7757-40af-4a85-9286-82d8cb223e62_w948_r1.778_fpx49_fpy42.jpg
